span_id,annotation_set_id,contract_id,category_id,answer_start,answer_end,n_chunks_fully_containing,n_chunks_touching,status,best_chunk_coverage_pct,annotation_set_has_positive_chunk
contract_0002__uncapped_liability__span_000,contract_0002__uncapped_liability,contract_0002,uncapped_liability,33707,34283,0,2,boundary_split,66.7,True
contract_0002__cap_on_liability__span_000,contract_0002__cap_on_liability,contract_0002,cap_on_liability,33707,34283,0,2,boundary_split,66.7,True
contract_0012__uncapped_liability__span_000,contract_0012__uncapped_liability,contract_0012,uncapped_liability,27007,27648,0,2,boundary_split,80.8,False
contract_0020__renewal_term__span_000,contract_0020__renewal_term,contract_0020,renewal_term,9949,10579,0,2,boundary_split,89.5,True
contract_0038__cap_on_liability__span_000,contract_0038__cap_on_liability,contract_0038,cap_on_liability,22930,23578,0,2,boundary_split,94.1,True
contract_0043__revenue_profit_sharing__span_003,contract_0043__revenue_profit_sharing,contract_0043,revenue_profit_sharing,21150,21750,0,2,boundary_split,86.7,True
contract_0047__cap_on_liability__span_000,contract_0047__cap_on_liability,contract_0047,cap_on_liability,46686,47083,0,2,boundary_split,82.9,True
contract_0047__cap_on_liability__span_004,contract_0047__cap_on_liability,contract_0047,cap_on_liability,80942,81240,0,2,boundary_split,80.5,True
contract_0047__cap_on_liability__span_005,contract_0047__cap_on_liability,contract_0047,cap_on_liability,46686,47270,0,3,boundary_split,56.3,True
contract_0057__anti_assignment__span_000,contract_0057__anti_assignment,contract_0057,anti_assignment,60509,60840,0,2,boundary_split,52.6,True
contract_0058__anti_assignment__span_001,contract_0058__anti_assignment,contract_0058,anti_assignment,34750,35034,0,2,boundary_split,70.1,True
contract_0060__exclusivity__span_003,contract_0060__exclusivity,contract_0060,exclusivity,14658,15465,0,2,boundary_split,78.8,True
contract_0060__uncapped_liability__span_001,contract_0060__uncapped_liability,contract_0060,uncapped_liability,183755,184817,0,2,boundary_split,74.9,True
contract_0060__cap_on_liability__span_007,contract_0060__cap_on_liability,contract_0060,cap_on_liability,183755,184817,0,2,boundary_split,74.9,True
contract_0065__audit_rights__span_001,contract_0065__audit_rights,contract_0065,audit_rights,8966,9696,0,2,boundary_split,86.7,True
contract_0072__cap_on_liability__span_001,contract_0072__cap_on_liability,contract_0072,cap_on_liability,40657,41412,0,2,boundary_split,89.9,True
contract_0076__revenue_profit_sharing__span_001,contract_0076__revenue_profit_sharing,contract_0076,revenue_profit_sharing,3427,4079,0,2,boundary_split,76.1,True
contract_0092__revenue_profit_sharing__span_002,contract_0092__revenue_profit_sharing,contract_0092,revenue_profit_sharing,67838,68169,0,2,boundary_split,68.0,True
contract_0093__license_grant__span_003,contract_0093__license_grant,contract_0093,license_grant,16662,17094,0,2,boundary_split,56.5,True
contract_0093__license_grant__span_004,contract_0093__license_grant,contract_0093,license_grant,17642,18531,0,2,boundary_split,68.3,True
contract_0098__revenue_profit_sharing__span_000,contract_0098__revenue_profit_sharing,contract_0098,revenue_profit_sharing,2180,2484,0,2,boundary_split,60.2,True
contract_0111__exclusivity__span_000,contract_0111__exclusivity,contract_0111,exclusivity,57571,58065,0,2,boundary_split,84.2,True
contract_0116__revenue_profit_sharing__span_000,contract_0116__revenue_profit_sharing,contract_0116,revenue_profit_sharing,17838,18601,0,2,boundary_split,74.7,False
contract_0117__license_grant__span_000,contract_0117__license_grant,contract_0117,license_grant,1697,2488,0,2,boundary_split,88.5,False
contract_0118__audit_rights__span_010,contract_0118__audit_rights,contract_0118,audit_rights,120386,121144,0,2,boundary_split,89.4,True
contract_0127__uncapped_liability__span_000,contract_0127__uncapped_liability,contract_0127,uncapped_liability,53383,53988,0,2,boundary_split,97.5,False
contract_0127__cap_on_liability__span_000,contract_0127__cap_on_liability,contract_0127,cap_on_liability,53383,53988,0,2,boundary_split,97.5,False
contract_0137__license_grant__span_001,contract_0137__license_grant,contract_0137,license_grant,31815,32902,0,2,boundary_split,78.0,True
contract_0137__audit_rights__span_003,contract_0137__audit_rights,contract_0137,audit_rights,149230,150464,0,2,boundary_split,54.9,True
contract_0139__cap_on_liability__span_002,contract_0139__cap_on_liability,contract_0139,cap_on_liability,12696,13467,0,3,boundary_split,68.2,True
contract_0142__exclusivity__span_000,contract_0142__exclusivity,contract_0142,exclusivity,14795,16794,0,2,boundary_split,72.5,True
contract_0142__exclusivity__span_004,contract_0142__exclusivity,contract_0142,exclusivity,12773,13760,0,2,boundary_split,71.3,True
contract_0158__exclusivity__span_000,contract_0158__exclusivity,contract_0158,exclusivity,82567,83540,0,2,boundary_split,50.1,True
contract_0158__exclusivity__span_005,contract_0158__exclusivity,contract_0158,exclusivity,139884,140281,0,2,boundary_split,58.2,True
contract_0158__license_grant__span_005,contract_0158__license_grant,contract_0158,license_grant,139884,140281,0,2,boundary_split,58.2,True
contract_0163__anti_assignment__span_001,contract_0163__anti_assignment,contract_0163,anti_assignment,19496,19690,0,2,boundary_split,91.8,True
contract_0166__revenue_profit_sharing__span_001,contract_0166__revenue_profit_sharing,contract_0166,revenue_profit_sharing,12734,13301,0,2,boundary_split,78.1,True
contract_0167__renewal_term__span_001,contract_0167__renewal_term,contract_0167,renewal_term,11027,13613,0,2,boundary_split,50.0,True
contract_0173__audit_rights__span_001,contract_0173__audit_rights,contract_0173,audit_rights,18779,19262,0,2,boundary_split,76.6,True
contract_0173__audit_rights__span_002,contract_0173__audit_rights,contract_0173,audit_rights,16253,16805,0,2,boundary_split,63.4,True
contract_0174__cap_on_liability__span_007,contract_0174__cap_on_liability,contract_0174,cap_on_liability,35395,37076,0,2,boundary_split,81.8,True
contract_0182__anti_assignment__span_000,contract_0182__anti_assignment,contract_0182,anti_assignment,157293,158534,0,2,boundary_split,66.6,True
contract_0187__revenue_profit_sharing__span_002,contract_0187__revenue_profit_sharing,contract_0187,revenue_profit_sharing,78576,79371,0,2,boundary_split,60.4,True
contract_0201__revenue_profit_sharing__span_001,contract_0201__revenue_profit_sharing,contract_0201,revenue_profit_sharing,25221,25656,0,2,boundary_split,68.0,True
contract_0202__termination_for_convenience__span_000,contract_0202__termination_for_convenience,contract_0202,termination_for_convenience,81266,82075,0,2,boundary_split,78.9,False
contract_0203__license_grant__span_000,contract_0203__license_grant,contract_0203,license_grant,23502,25959,0,2,boundary_split,91.5,True
contract_0206__revenue_profit_sharing__span_000,contract_0206__revenue_profit_sharing,contract_0206,revenue_profit_sharing,17475,17889,0,2,boundary_split,59.9,False
contract_0207__cap_on_liability__span_000,contract_0207__cap_on_liability,contract_0207,cap_on_liability,7710,8148,0,2,boundary_split,88.6,False
contract_0209__license_grant__span_000,contract_0209__license_grant,contract_0209,license_grant,37879,40099,0,2,boundary_split,96.4,True
contract_0209__license_grant__span_002,contract_0209__license_grant,contract_0209,license_grant,36692,37870,0,2,boundary_split,54.3,True
contract_0214__revenue_profit_sharing__span_002,contract_0214__revenue_profit_sharing,contract_0214,revenue_profit_sharing,139679,140703,0,2,boundary_split,64.0,True
contract_0214__license_grant__span_005,contract_0214__license_grant,contract_0214,license_grant,193470,194503,0,2,boundary_split,65.2,True
contract_0222__uncapped_liability__span_000,contract_0222__uncapped_liability,contract_0222,uncapped_liability,114899,115839,0,2,boundary_split,87.1,False
contract_0222__cap_on_liability__span_000,contract_0222__cap_on_liability,contract_0222,cap_on_liability,114899,115839,0,2,boundary_split,87.1,False
contract_0230__revenue_profit_sharing__span_000,contract_0230__revenue_profit_sharing,contract_0230,revenue_profit_sharing,54282,55221,0,2,boundary_split,74.5,True
contract_0231__cap_on_liability__span_002,contract_0231__cap_on_liability,contract_0231,cap_on_liability,33235,33612,0,2,boundary_split,80.6,True
contract_0238__cap_on_liability__span_000,contract_0238__cap_on_liability,contract_0238,cap_on_liability,13955,14384,0,2,boundary_split,81.4,True
contract_0240__revenue_profit_sharing__span_001,contract_0240__revenue_profit_sharing,contract_0240,revenue_profit_sharing,41151,42310,0,2,boundary_split,65.9,True
contract_0246__renewal_term__span_000,contract_0246__renewal_term,contract_0246,renewal_term,26572,26987,0,2,boundary_split,90.6,False
contract_0246__exclusivity__span_000,contract_0246__exclusivity,contract_0246,exclusivity,9995,10440,0,2,boundary_split,60.2,True
contract_0246__exclusivity__span_002,contract_0246__exclusivity,contract_0246,exclusivity,6251,6663,0,2,boundary_split,84.7,True
contract_0253__anti_assignment__span_002,contract_0253__anti_assignment,contract_0253,anti_assignment,57902,58233,0,2,boundary_split,55.9,True
contract_0262__license_grant__span_003,contract_0262__license_grant,contract_0262,license_grant,2851,3432,0,2,boundary_split,58.7,True
contract_0272__cap_on_liability__span_000,contract_0272__cap_on_liability,contract_0272,cap_on_liability,9232,10490,0,2,boundary_split,68.8,True
contract_0276__uncapped_liability__span_000,contract_0276__uncapped_liability,contract_0276,uncapped_liability,18713,19636,0,2,boundary_split,99.8,False
contract_0276__cap_on_liability__span_001,contract_0276__cap_on_liability,contract_0276,cap_on_liability,18713,19636,0,2,boundary_split,99.8,True
contract_0279__revenue_profit_sharing__span_004,contract_0279__revenue_profit_sharing,contract_0279,revenue_profit_sharing,20193,21581,0,2,boundary_split,89.1,True
contract_0279__cap_on_liability__span_005,contract_0279__cap_on_liability,contract_0279,cap_on_liability,52867,53485,0,2,boundary_split,82.7,True
contract_0280__license_grant__span_005,contract_0280__license_grant,contract_0280,license_grant,54425,56767,0,3,boundary_split,59.3,True
contract_0280__license_grant__span_007,contract_0280__license_grant,contract_0280,license_grant,51797,53863,0,2,boundary_split,82.2,True
contract_0291__governing_law__span_000,contract_0291__governing_law,contract_0291,governing_law,10851,11255,0,2,boundary_split,84.9,False
contract_0317__license_grant__span_002,contract_0317__license_grant,contract_0317,license_grant,18042,19036,0,2,boundary_split,63.8,True
contract_0332__license_grant__span_000,contract_0332__license_grant,contract_0332,license_grant,26744,27287,0,2,boundary_split,84.7,True
contract_0332__cap_on_liability__span_000,contract_0332__cap_on_liability,contract_0332,cap_on_liability,37771,38350,0,2,boundary_split,86.9,False
contract_0337__license_grant__span_002,contract_0337__license_grant,contract_0337,license_grant,135270,136696,0,2,boundary_split,82.5,True
contract_0346__revenue_profit_sharing__span_000,contract_0346__revenue_profit_sharing,contract_0346,revenue_profit_sharing,33018,35581,0,3,boundary_split,53.1,False
contract_0346__revenue_profit_sharing__span_001,contract_0346__revenue_profit_sharing,contract_0346,revenue_profit_sharing,35602,37838,0,2,boundary_split,59.7,False
contract_0354__revenue_profit_sharing__span_000,contract_0354__revenue_profit_sharing,contract_0354,revenue_profit_sharing,16220,16661,0,2,boundary_split,68.7,False
contract_0357__license_grant__span_000,contract_0357__license_grant,contract_0357,license_grant,14372,14722,0,2,boundary_split,91.1,True
contract_0357__cap_on_liability__span_004,contract_0357__cap_on_liability,contract_0357,cap_on_liability,21598,22233,0,2,boundary_split,61.9,True
contract_0360__license_grant__span_005,contract_0360__license_grant,contract_0360,license_grant,6706,7307,0,2,boundary_split,95.8,True
contract_0371__revenue_profit_sharing__span_002,contract_0371__revenue_profit_sharing,contract_0371,revenue_profit_sharing,2689,3578,0,3,boundary_split,51.2,True
contract_0375__anti_assignment__span_000,contract_0375__anti_assignment,contract_0375,anti_assignment,32791,33514,0,2,boundary_split,60.3,False
contract_0382__revenue_profit_sharing__span_001,contract_0382__revenue_profit_sharing,contract_0382,revenue_profit_sharing,18140,18323,0,2,boundary_split,54.6,True
contract_0387__anti_assignment__span_000,contract_0387__anti_assignment,contract_0387,anti_assignment,110331,112325,0,2,boundary_split,99.9,True
contract_0387__uncapped_liability__span_000,contract_0387__uncapped_liability,contract_0387,uncapped_liability,140337,141212,0,2,boundary_split,91.0,False
contract_0387__cap_on_liability__span_000,contract_0387__cap_on_liability,contract_0387,cap_on_liability,140337,141212,0,2,boundary_split,91.0,False
contract_0389__revenue_profit_sharing__span_000,contract_0389__revenue_profit_sharing,contract_0389,revenue_profit_sharing,4977,6591,0,2,boundary_split,70.1,False
