,category_name,threshold,f1,recall
0,Governing Law,1,0.46846846846846846,0.3058823529411765
1,Governing Law,2,0.45454545454545453,0.29411764705882354
2,Governing Law,3,0.023255813953488372,0.011764705882352941
3,Renewal Term,1,0.058823529411764705,0.030303030303030304
4,Renewal Term,2,0.058823529411764705,0.030303030303030304
5,Renewal Term,3,0.0,0.0
6,Renewal Term,4,0.0,0.0
7,Revenue/Profit Sharing,1,0.10738255033557047,0.6956521739130435
8,Revenue/Profit Sharing,2,0.12,0.06521739130434782
9,Revenue/Profit Sharing,3,0.12,0.06521739130434782
10,Cap On Liability,1,0.1348314606741573,0.08333333333333333
11,Cap On Liability,2,0.1348314606741573,0.08333333333333333
12,Cap On Liability,3,0.0,0.0
13,Uncapped Liability,1,0.3684210526315789,0.30434782608695654
14,Uncapped Liability,2,0.0,0.0
15,Uncapped Liability,3,0.0,0.0
16,Termination For Convenience,1,0.059123343527013254,0.8285714285714286
17,Termination For Convenience,2,0.17857142857142858,0.2857142857142857
18,Termination For Convenience,3,0.2247191011235955,0.2857142857142857
19,Anti-Assignment,1,0.044444444444444446,0.023255813953488372
20,Anti-Assignment,2,0.044444444444444446,0.023255813953488372
21,Anti-Assignment,3,0.0,0.0
22,Audit Rights,1,0.5419354838709678,0.5526315789473685
23,Audit Rights,2,0.0,0.0
24,Audit Rights,3,0.0,0.0
25,License Grant,1,0.5106382978723404,0.36363636363636365
26,License Grant,2,0.49635036496350365,0.3434343434343434
27,License Grant,3,0.0,0.0
28,Exclusivity,1,0.06557377049180328,0.20833333333333334
29,Exclusivity,2,0.08,0.041666666666666664
30,Exclusivity,3,0.0,0.0
